Model;iteration;len lambda;lambda not 0;len L;L not 0;norm;step;objective;gap;obj wo L; penalty;c_k
BBER_BBU;0;18;18;18;14;14.0;0;18.0;0.0;0.0;18.0;2
BBER_BBU;1;18;18;18;3;3.0;90.24304059982452;456.72912179947355;0.0;180.0;276.72912179947355;2
BBER_BBU;2;18;18;18;2;2.0;128.64810826619873;743.7822977320465;0.0;301.99999999999994;441.7822977320465;2
BBER_BBU;3;18;18;18;2;2.0;-94.08101353327481;555.6202706654968;0.0;301.99999999999994;253.6202706654969;2
BBER_BBU;4;18;18;18;0;0.0;94.08101353327481;981.9999999999999;0.0;981.9999999999999;0.0;2
