Model;iteration;len lambda;lambda not 0;len L;L not 0;norm;step;objective;gap;obj wo L; penalty;c_k
BPKW_BKRW_BSNF_O;0;292;292;292;194;194.0;0;378.0;0.0;0.0;378.0;2
BPKW_BKRW_BSNF_O;1;292;292;292;19;19.0;83.59970366981771;6390.394369726518;0.0;4763.999999999981;1626.3943697265365;2
BPKW_BKRW_BSNF_O;2;292;292;292;6;6.0;220.71335644692638;9280.878360700442;0.04345634588041405;7442.999999999978;1837.8783607004646;2
BPKW_BKRW_BSNF_O;3;292;292;292;6;6.0;-264.56903490937475;7693.464151244196;0.04453975432863643;7442.99999999998;250.46415124421617;2
BPKW_BKRW_BSNF_O;4;292;292;292;0;0.0;264.5690349093741;9783.000000000018;0.05470800603357065;9783.000000000018;0.0;2
