Model;iteration;len lambda;lambda not 0;len L;L not 0;norm;step;objective;gap;obj wo L; penalty;c_k
BWKS_medium_september;0;506;506;506;182;182.0;0;350.0;0.0;0.0;350.0;2
BWKS_medium_september;1;506;506;506;23;23.0;85.1336260812649;5552.073399869092;0.0;3547.999999999998;2004.0733998690937;2
BWKS_medium_september;2;506;506;506;12;12.0;221.31187595878376;9304.346024480576;0.12629780870019874;5602.999999999991;3701.346024480584;2
BWKS_medium_september;3;506;506;506;12;12.0;-201.19767518091172;6714.973922309644;0.020848926834229887;5428.000000000001;1286.9739223096433;2
BWKS_medium_september;4;506;506;506;0;0.0;230.36434184757687;10447.000000000015;0.21752656264958506;10447.000000000015;0.0;2
