Model;iteration;len lambda;lambda not 0;len L;L not 0;norm;step;objective;gap;obj wo L; penalty;c_k
BBOS_BWIN_BTG;0;317;317;317;186;186.0;0;346.0;0.0;0.0;346.0;2
BBOS_BWIN_BTG;1;317;317;317;26;26.0;95.0498575687978;6628.29629678874;0.01798341910770226;4104.999999999996;2523.296296788743;2
BBOS_BWIN_BTG;2;317;317;317;8;8.0;196.7184967007274;9866.1468341562;0.04162551832704542;7515.999999999998;2350.1468341562017;2
BBOS_BWIN_BTG;3;317;317;317;8;8.0;-170.1275200645009;8500.126673640194;0.03924731084770429;7511.0;989.1266736401942;2
BBOS_BWIN_BTG;4;317;317;317;0;0.0;171.37752006450046;10209.99999999999;0.031341824561263734;10209.99999999999;0.0;2
