Model;iteration;len lambda;lambda not 0;len L;L not 0;norm;step;objective;gap;obj wo L; penalty;c_k
BWKS_medium_september;0;506;506;506;182;182.0;0;350.0;0.0;0.0;350.0;2
BWKS_medium_september;1;506;506;506;23;23.0;85.1336260812649;5552.073399869092;0.0;3547.999999999998;2004.0733998690937;2
BWKS_medium_september;2;506;506;506;10;10.0;221.31187595878376;8733.455020400483;0.06918539212588744;5648.999999999996;3084.455020400487;2
BWKS_medium_september;3;506;506;506;8;8.0;-127.25900940107549;7361.491941111784;0.011954098531103734;5911.999999999999;1449.4919411117853;2
BWKS_medium_september;4;506;506;506;7;7.0;183.9170080708302;8779.724504968615;0.06311108414994272;6223.999999999991;2555.724504968624;2
BWKS_medium_september;5;506;506;506;7;7.0;-195.01843759243144;7414.595440848024;0.011868482876570231;6223.9999990264205;1190.5954418216033;2
BWKS_medium_september;6;506;506;506;0;0.0;195.01843787059468;8798.000000000015;0.05205946157140263;8798.000000000015;0.0;2
